DateIntervention,Technicien,Description,Machine_ID
2021-11-15,Jean Neymar,Dépannage matériel,1
2021-12-20,John Jones,Installation logiciel,2
2021-03-10,Kylian Mbappe,Mise à jour système,3
2021-04-01,Jean Neymar,Nettoyage matériel,4
2021-05-15,John Jones,Configuration logiciel,5
2021-06-20,Kylian Mbappe,Dépannage système,6
2021-07-10,Jean Neymar,Installation matériel,7
2021-08-25,John Jones,Migration logicielle,8
2021-09-18,Kylian Mbappe,Réparation matériel,9
2021-10-02,Jean Neymar,Installation logiciel,10
2021-11-15,John Jones,Mise à jour système,11
2021-12-20,Kylian Mbappe,Dépannage réseau,12
2022-01-10,Jean Neymar,Nettoyage matériel,13
2022-02-25,John Jones,Configuration logiciel,14
2022-03-18,Kylian Mbappe,Dépannage système,15
2022-04-10,Jean Neymar,Installation matériel,16
2022-05-25,John Jones,Migration logicielle,17
2022-06-18,Kylian Mbappe,Réparation matériel,18
2022-07-02,Jean Neymar,Installation logiciel,19
2022-08-15,John Jones,Mise à jour système,20
2022-09-20,Kylian Mbappe,Dépannage réseau,21
2022-10-10,Jean Neymar,Nettoyage matériel,22
2022-11-25,John Jones,Configuration logiciel,23
2022-12-18,Kylian Mbappe,Dépannage système,24
2022-12-30,Jean Neymar,Installation matériel,25
2022-11-05,John Jones,Migration logicielle,26
2022-10-18,Kylian Mbappe,Réparation matériel,27
2022-09-02,Jean Neymar,Installation logiciel,28
2022-08-15,John Jones,Mise à jour système,29
2022-07-20,Kylian Mbappe,Dépannage réseau,30
2022-06-10,Jean Neymar,Nettoyage matériel,31
2022-05-25,John Jones,Configuration logiciel,32
2022-04-08,Kylian Mbappe,Dépannage système,33
2022-03-22,Jean Neymar,Installation matériel,34
2022-02-12,John Jones,Migration logicielle,35
2022-01-25,Kylian Mbappe,Réparation matériel,36
2021-12-10,Jean Neymar,Installation logiciel,37
2021-11-23,John Jones,Mise à jour système,38
2021-10-18,Kylian Mbappe,Dépannage réseau,39
2021-09-30,Jean Neymar,Nettoyage matériel,40
2021-08-15,John Jones,Configuration logiciel,41
2021-07-20,Kylian Mbappe,Dépannage système,42
2021-06-10,Jean Neymar,Installation matériel,43
2021-05-25,John Jones,Migration logicielle,44
2021-04-08,Kylian Mbappe,Réparation matériel,45
2021-03-22,Jean Neymar,Installation logiciel,46
2021-02-12,John Jones,Mise à jour système,47
2021-01-25,Kylian Mbappe,Dépannage réseau,48
2021-12-10,Jean Neymar,Nettoyage matériel,49
2021-11-23,John Jones,Configuration logiciel,50
